Point Forecast,Lo 80,Hi 80,Lo 95,Hi 95
81.14907903832021,73.81478884856594,88.48336922807448,69.93225014858676,92.36590792805366
81.83509430259997,74.50053351204235,89.16965509315759,70.6178515646508,93.05233704054913
81.60124717623886,74.26540866743927,88.93708568503844,70.38205033686766,92.82044401561005
81.79867376244208,74.4221312894735,89.17521623541066,70.5172255818497,93.08012194303446
81.9961003486453,74.57907728788621,89.41312340940439,70.65274245152217,93.33945824576843
82.19352693484852,74.73624302499536,89.65081084470168,70.78859538253047,93.59845848716657
82.39095352105174,74.89362496079261,89.88828208131088,70.92477896089899,93.8571280812045
